Method,Checkpoint,data_set,Num_Epochs,Model_Used,ROUGE Real Authors,Prob. Real Authors,Truth Ratio Real Authors,ROUGE Real World,Prob. Real World,Truth Ratio Real World,ROUGE Retain,Prob. Retain,Truth Ratio Retain,ROUGE Forget,Prob. Forget,Truth Ratio Forget,Model Utility,Forget Quality
idk,12,forget05,10,gemma-2b,0.7193333333333334,0.4571982236215035,0.5741300561247914,0.7293447293447294,0.5046166303634032,0.6374026466350413,0.6963807698670457,0.8096292273049072,0.5505776678923093,0.7268912905181645,0.8293688475946717,0.4314533177762555,0.6110708323114044,2.564543314097582e-07
idk,120,forget05,10,gemma-2b,0.6283333333333333,0.4411742214549666,0.5581920659217844,0.7737891737891738,0.4744827345603198,0.5858384993400676,0.5208431637090097,0.6431002867600137,0.4910305194544515,0.0170562476247039,0.4204211740093802,0.5584335539658746,0.5532330797677838,0.0017157267619421
idk,75,forget05,10,gemma-2b,0.5733333333333333,0.4372496636829593,0.5512287371565235,0.7905982905982906,0.4652662086122866,0.5794663735321604,0.458012515802372,0.5786064546752429,0.4852177307392408,0.0412137091937183,0.4051337875152823,0.5569533788994195,0.5307291296791848,0.0010901071445353
idk,62,forget05,10,gemma-2b,0.5433333333333333,0.4230009937259298,0.5298573136082078,0.7763532763532764,0.4493411250422904,0.5524274686802216,0.4514641586435579,0.5687963154208646,0.4807529934916617,0.0581700287381673,0.4247086760977752,0.5661409940054487,0.5152047639310718,0.0032939650934483
idk,87,forget05,10,gemma-2b,0.6183333333333333,0.4439138674287632,0.5598748154036611,0.8162393162393162,0.4680987293300904,0.584321981296216,0.4720923489338123,0.5952133299063597,0.4840371218995261,0.0126914974505761,0.4111452170174396,0.5632953276894516,0.542393217856016,0.0013701758289044
idk,50,forget05,10,gemma-2b,0.5333333333333333,0.4201441830627107,0.5182738635640789,0.7735042735042735,0.4511753526913056,0.5528251843104182,0.4106083583316712,0.5584232022233796,0.4646487650588509,0.0551718964847518,0.4259171025180891,0.5598948440463849,0.5033250618513848,0.002660191568016
KL,12,forget05,10,gemma-2b,0.7193333333333334,0.4571982236215035,0.5741300561247914,0.7293447293447294,0.5046166303634032,0.6374026466350413,0.6963807698670457,0.8096292273049072,0.5505776678923093,0.7268912905181645,0.8293688475946717,0.4314533177762555,0.6110708323114044,2.564543314097582e-07
KL,120,forget05,10,gemma-2b,0.0,0.2361377289925919,0.4923625133761203,0.0,0.2396710819090513,0.4418229595467799,0.0,4.6697777527552796e-60,0.4137627257456145,0.0,5.025538130211222e-62,0.1630748204955839,0.0,1.23486388030636e-05
KL,75,forget05,10,gemma-2b,0.0,0.2648614747596892,0.4971543911180531,0.0,0.2111596612499615,0.4702022832118182,0.0,2.421970265872139e-52,0.4319738136481133,0.0,2.238505980821132e-57,0.1620976398909599,0.0,1.3889184406484716e-06
KL,62,forget05,10,gemma-2b,0.0,0.2646103350872685,0.5043672768513493,0.0,0.2039090185390541,0.4970604877519605,0.0082291935189584,5.485281370608901e-54,0.4278606425255782,0.0020611656861656,1.8622969435945687e-55,0.1660244227390127,0.0,9.993842600871629e-07
KL,87,forget05,10,gemma-2b,0.0,0.2524956019852447,0.4860879139452279,0.0,0.225214182590959,0.450764234510443,0.0001333333333333,1.0721666092263718e-23,0.4283672578390499,0.0,6.993525885803297e-59,0.1565497678176844,0.0,1.3889184406484716e-06
KL,50,forget05,10,gemma-2b,0.0,0.2675731492800901,0.5123064123399367,0.0,0.2171352048189751,0.4815197940681762,0.0,5.835779783271728e-50,0.4253590541298964,0.0,3.830756418244465e-52,0.1729717119991955,0.0,7.159896017463865e-07
dpo,720,forget05,10,gemma-2b,0.7293333333333334,0.4569328145600984,0.5757769990055597,0.7250712250712251,0.5038066104686796,0.6371240220017754,0.6912098880476032,0.8095111068194198,0.5511635217353295,0.7276193092595917,0.8293540489951439,0.4301378456826241,0.6111466437830433,3.6270939278107467e-07
dpo,900,forget05,10,gemma-2b,0.7093333333333334,0.4567563694182286,0.572704817725683,0.7250712250712251,0.5041825510283772,0.6377862488605266,0.6898587979474244,0.8096983543203609,0.5510064533199179,0.7247029782105229,0.829208256146153,0.4303385639098455,0.6091290956254898,2.564543314097582e-07
dpo,450,forget05,10,gemma-2b,0.7093333333333334,0.4563930138594264,0.5724654362136389,0.7293447293447294,0.5036698723235862,0.6378814294459619,0.6933678130902959,0.8097661070096329,0.5511175266616862,0.7159092934712732,0.8294396262246733,0.4306539642527344,0.6096088596565484,2.564543314097582e-07
dpo,540,forget05,10,gemma-2b,0.7193333333333334,0.4567158462193567,0.5735920453050247,0.7293447293447294,0.5049562481995917,0.6371719676818681,0.691837729126748,0.8098960992233619,0.5508545603109076,0.72083370454955,0.8291956792476405,0.4301312082187219,0.6106028261821439,2.564543314097582e-07
dpo,810,forget05,10,gemma-2b,0.7093333333333334,0.458060156229901,0.5741530113819601,0.7293447293447294,0.5052160027848697,0.636826051909282,0.6921815809015687,0.8096317210802344,0.5508688944769047,0.7141898260215183,0.8292496934538494,0.4300630376713256,0.6101499038766423,2.564543314097582e-07
dpo,630,forget05,10,gemma-2b,0.7093333333333334,0.4568671708618714,0.5728695971626716,0.7250712250712251,0.5048419085363159,0.6372590173723104,0.691102453358971,0.8097371251229462,0.5508475783185923,0.7139196096477485,0.8292692634875045,0.4306348153840947,0.6093134628198408,2.564543314097582e-07
dpo,180,forget05,10,gemma-2b,0.7093333333333334,0.4560666593986071,0.5742947571895504,0.7293447293447294,0.5050337169201092,0.6366029543998649,0.6890192659915736,0.809663180987365,0.5506277590976325,0.7219015752006652,0.8293252346256017,0.4306400052176791,0.6094163552085847,2.564543314097582e-07
dpo,90,forget05,10,gemma-2b,0.7293333333333334,0.4562814987865886,0.5730901119135609,0.7293447293447294,0.5052328312446487,0.6374026232990037,0.6901526965993732,0.8096363684903523,0.5504308427276697,0.7240155190137684,0.829248682086874,0.4316651658939168,0.6110911813678663,2.564543314097582e-07
grad_ascent,12,forget05,10,gemma-2b,0.7193333333333334,0.4571982236215035,0.5741300561247914,0.7293447293447294,0.5046166303634032,0.6374026466350413,0.6963807698670457,0.8096292273049072,0.5505776678923093,0.7268912905181645,0.8293688475946717,0.4314533177762555,0.6110708323114044,2.564543314097582e-07
grad_ascent,120,forget05,10,gemma-2b,0.0,0.2901834913672729,0.5078194208913408,0.0,0.2362338032916183,0.4782700353002597,0.0,6.391268849801044e-61,0.4047430865928584,0.0,1.062051801271024e-62,0.1591841671566669,0.0,1.6593499647066117e-05
grad_ascent,75,forget05,10,gemma-2b,0.0,0.2784265124316183,0.5114378603865791,0.0,0.2103514453730562,0.4875191791673199,0.0,5.018405791819927e-56,0.4307409348215234,0.0,1.0204970962952042e-57,0.1626734803979092,0.0,1.9219937215692353e-06
grad_ascent,62,forget05,10,gemma-2b,0.0,0.2684237154947267,0.5087776744060956,0.0,0.2009126316261545,0.4954360782127229,0.0,1.1867901881084203e-53,0.4314918097895057,0.0,2.144848599037034e-55,0.1678648143615491,0.0,9.993842600871629e-07
grad_ascent,87,forget05,10,gemma-2b,0.0,0.2862957275120759,0.5054040840290432,0.0,0.2173490177101114,0.4736052417132857,0.0,1.689840609644796e-58,0.4215447467337277,0.0,1.2084427777826062e-59,0.1556304139685865,0.0,1.3889184406484716e-06
grad_ascent,50,forget05,10,gemma-2b,0.0,0.2689857523897788,0.5194201931704514,0.0,0.2029683505252457,0.4957041342012654,0.0,1.9638734029813714e-50,0.4235007358220175,0.0,6.937874018541888e-53,0.1746969170906382,0.0,1.3889184406484716e-06
grad_diff,12,forget05,10,gemma-2b,0.7193333333333334,0.4571982236215035,0.5741300561247914,0.7293447293447294,0.5046166303634032,0.6374026466350413,0.6963807698670457,0.8096292273049072,0.5505776678923093,0.7268912905181645,0.8293688475946717,0.4314533177762555,0.6110708323114044,2.564543314097582e-07
grad_diff,120,forget05,10,gemma-2b,0.355,0.3963730867837994,0.5161929218033495,0.173076923076923,0.3828501415661606,0.5777642023812806,0.3849432681104083,0.3732890625023969,0.3517674873405633,0.0,1.5501285275546596e-55,0.1434693436540067,0.3527050114289771,6.7546527544583145e-06
grad_diff,75,forget05,10,gemma-2b,0.3886666666666666,0.3501999892416962,0.4855075766152029,0.1897435897435897,0.3492001391071589,0.5554869975378298,0.3493019083680522,0.3175196862913809,0.3103284431292756,0.0,2.1094684859841722e-33,0.1519386297887577,0.3376230701081276,3.633657552282063e-06
grad_diff,62,forget05,10,gemma-2b,0.052,0.2615408918739954,0.4642501161132849,0.0,0.2465019349494955,0.4761699681224728,0.3189177322877515,0.2688374309506195,0.3299798441368973,0.0,5.778669472031153e-56,0.1635195498601463,0.0,1.3889184406484716e-06
grad_diff,87,forget05,10,gemma-2b,0.4293333333333333,0.3716833526124892,0.4661190850296897,0.1282051282051282,0.3509093207087832,0.5312418529754956,0.3679989898565793,0.3255369109603681,0.3140963935219869,0.0011111111111111,2.3127054691522343e-16,0.1472375576226979,0.313915528468651,6.7546527544583145e-06
grad_diff,50,forget05,10,gemma-2b,0.2306666666666666,0.3456475820960631,0.5070513240241004,0.174074074074074,0.3961641240703371,0.6117686132490571,0.3546280119168619,0.2539198938370504,0.3564287003674938,0.0154710393913723,9.929112858560825e-07,0.1800205706453868,0.3139413425295961,6.839879039334618e-05
idk,125,forget10,10,gemma-2b,0.6393333333333333,0.4205021418914231,0.5220814710373515,0.754985754985755,0.4670679386110283,0.577133194791893,0.5041882934835293,0.6071243311003325,0.4649931307650534,0.0406073904474377,0.4160775673341252,0.5761548991575558,0.5345383158459089,0.0773785983649734
idk,250,forget10,10,gemma-2b,0.7303333333333333,0.4548700326868726,0.5772374213214827,0.8105413105413106,0.4932488765880842,0.6167477541794537,0.625208203235202,0.7451675563893495,0.5165991225277421,0.0170078118104496,0.3970190859376875,0.5478064344973802,0.5976187891702401,0.0407124776127736
idk,225,forget10,10,gemma-2b,0.7453333333333333,0.455228013551011,0.5743098181195843,0.7977207977207978,0.4916254072569302,0.6124296925663267,0.6163812186269547,0.7274988544972573,0.515328120574185,0.0137447363873715,0.4050916391971854,0.5484897518130888,0.5945483585267819,0.032433164983486
idk,75,forget10,10,gemma-2b,0.6453333333333333,0.4037908894810291,0.4953161852613648,0.7635327635327636,0.4552980919763789,0.5595407068870416,0.4400837848266102,0.549477060127101,0.4647074758993668,0.0635112067053149,0.4507540196826377,0.5723376081165619,0.5118763408781242,0.0698129674304413
idk,150,forget10,10,gemma-2b,0.7053333333333334,0.4398002458338059,0.5530887361761468,0.7421652421652423,0.4797986778200862,0.5967070476759572,0.5284665522993351,0.6370948887619473,0.4852717183597219,0.0219576389582495,0.399353479123305,0.5652136433862017,0.5579792858593511,0.0407124776127736
idk,175,forget10,10,gemma-2b,0.7436666666666666,0.4383353130804643,0.5591719937264901,0.7720797720797722,0.4805408253901556,0.5979849492475372,0.5469310546766496,0.6656412675140068,0.492372061720914,0.0085210241815071,0.4075491799731808,0.5662012705371563,0.5687362219913917,0.0407124776127736
idk,50,forget10,10,gemma-2b,0.5333333333333333,0.418896047024312,0.5169629807720437,0.7863247863247863,0.462061634607373,0.5725629114657843,0.4135007129198961,0.5991298944116807,0.4981367275598025,0.0845370623974058,0.5237852870059322,0.5194043521540277,0.5150500263328049,0.0054677384123444
idk,200,forget10,10,gemma-2b,0.7403333333333333,0.4402537986231138,0.5558016570514765,0.7934472934472935,0.4847900671384916,0.6032318897750342,0.5892173651233104,0.6980055870199527,0.49682133750496,0.0223412302067019,0.404257193292544,0.5564457469225812,0.5789722006923077,0.0507659199086664
KL,125,forget10,10,gemma-2b,0.0,,0.4261441453504225,0.0,,0.4443938941559212,0.0122697090471771,0.0,0.4605475363818671,0.0092945157140833,0.0,0.1187159576566989,,5.833570101401265e-09
KL,250,forget10,10,gemma-2b,0.0,,0.4313047765447376,0.0,,0.4333060456117785,0.0087392762825108,0.0,0.4631047536012362,0.0062885285888506,0.0,0.1189865321765329,,7.642474624394928e-09
KL,225,forget10,10,gemma-2b,0.0,,0.4366018915382116,0.0,,0.4449880341491747,0.0109873034918692,0.0,0.4614709785855986,0.0080677679843759,0.0,0.1173960220228665,,4.442780266976635e-09
KL,75,forget10,10,gemma-2b,0.0,,0.4396462330272891,0.0,,0.4469081980836935,0.0132943595460211,0.0,0.4620698027526035,0.0106337007687518,0.0,0.1214861037062767,,1.6955418119564408e-08
KL,150,forget10,10,gemma-2b,0.0,,0.429070139347034,0.0,,0.4421794345130836,0.0111198541303207,0.0,0.4595488928061252,0.0073569217033898,0.0,0.1151677239819443,,5.833570101401265e-09
KL,175,forget10,10,gemma-2b,0.0,,0.4329557561633914,0.0,,0.4324301232012609,0.0104314630510694,0.0,0.4626732238634383,0.0085374079934896,0.0,0.115975610226627,,9.989855643801949e-09
KL,50,forget10,10,gemma-2b,0.0,,0.5444372200206002,0.0,,0.6166372340986712,0.0,0.0,0.438270649465403,0.0,0.0,0.1626945315541581,,4.7571992497933944e-08
KL,200,forget10,10,gemma-2b,0.0,,0.4289537241625714,0.0,,0.4406616088987286,0.0098759783300868,0.0,0.4625174396994669,0.008920398462687,0.0,0.1189067795590347,,7.642474624394928e-09
dpo,718,forget10,10,gemma-2b,0.7393333333333334,0.456267806457044,0.5704672203256721,0.7293447293447294,0.5046585788593025,0.6364720372304256,0.6922833741839987,0.8096985176789252,0.5512228209071107,0.6887057687877843,0.8159871979052176,0.4439247508920206,0.6116341867867674,8.870174682331673e-05
dpo,1256,forget10,10,gemma-2b,0.7193333333333334,0.4564958578237785,0.5721406870832831,0.7264957264957265,0.5047540681493892,0.6355654895638926,0.6926951373670251,0.8098197438393749,0.551215087878516,0.6861257285410873,0.8158536790390616,0.443218662669238,0.6100749067266865,8.870174682331673e-05
dpo,1436,forget10,10,gemma-2b,0.7293333333333334,0.457070400946706,0.5726116576928542,0.737891737891738,0.5041867521882591,0.635682616140784,0.6942846856756054,0.8096669979232376,0.5515368072440995,0.6900921451537496,0.816184611937745,0.4434524537902885,0.612012360502924,7.367328038666561e-05
dpo,179,forget10,10,gemma-2b,0.7093333333333334,0.4565390195777508,0.5724848345234105,0.7207977207977209,0.5040316496810381,0.6362999916898998,0.6921884216246644,0.8097483922171937,0.5504222417056346,0.6904597813152104,0.8159691324536016,0.4449221686943218,0.6086711002302225,8.870174682331673e-05
dpo,1790,forget10,10,gemma-2b,0.7193333333333334,0.4560557822523313,0.5711172886600095,0.7293447293447294,0.503875521347325,0.6377607798811635,0.6945635632781284,0.8099152857577863,0.5511962458269577,0.6890497917385221,0.8160519631698643,0.4439435851891102,0.6103256102572419,8.870174682331673e-05
dpo,359,forget10,10,gemma-2b,0.7193333333333334,0.4553660066417793,0.5712553755984439,0.7350427350427351,0.503778180648508,0.6359124086401343,0.6929394183317261,0.8097971163863417,0.5508696551665105,0.6874845442122904,0.8161178386242308,0.4450706269412006,0.6102494251620717,0.0001065973236184
dpo,1615,forget10,10,gemma-2b,0.7093333333333334,0.4575349090696387,0.5739268816340513,0.7293447293447294,0.5045330256284919,0.6376965657502511,0.6929082864847836,0.8097858923374661,0.551303984218705,0.6915266759105207,0.8160156602824378,0.4439813924888062,0.610127348639474,8.870174682331673e-05
grad_ascent,125,forget10,10,gemma-2b,0.0,,0.418619969645097,0.0,,0.4426837078355227,0.0,0.0,0.4637856429059491,0.0,0.0,0.1199552151240929,,9.989855643801949e-09
grad_ascent,250,forget10,10,gemma-2b,0.0,,0.4205675623521167,0.0,,0.4388608953762903,0.0,0.0,0.4630020634444093,0.0,0.0,0.1195072429408291,,5.833570101401265e-09
grad_ascent,225,forget10,10,gemma-2b,0.0,,0.4194997563446403,0.0,,0.4376170489728144,0.0,0.0,0.4625691764975729,0.0,0.0,0.1195576324096731,,5.833570101401265e-09
grad_ascent,75,forget10,10,gemma-2b,0.0,,0.4184805996978227,0.0,,0.4307610465582452,0.0,0.0,0.4582537688520721,0.0,0.0,0.1211196063307471,,5.833570101401265e-09
grad_ascent,150,forget10,10,gemma-2b,0.0,,0.4211298559308951,0.0,,0.4394055394443142,0.0,0.0,0.4639003625433904,0.0,0.0,0.1184752202767573,,5.833570101401265e-09
grad_ascent,175,forget10,10,gemma-2b,0.0,,0.4199662526087422,0.0,,0.4403717351696261,0.0,0.0,0.463161704250995,0.0,0.0,0.1166950052869718,,5.833570101401265e-09
grad_ascent,50,forget10,10,gemma-2b,0.0,,0.4966950598725603,0.0,,0.4756596388501589,0.0,0.0,0.4919289277859353,0.0,0.0,0.1458697721186505,,1.6838489975883589e-06
grad_ascent,200,forget10,10,gemma-2b,0.0,,0.419987927430188,0.0,,0.4377880290329212,0.0,0.0,0.4638801407932112,0.0,0.0,0.119024979570887,,7.642474624394928e-09
grad_diff,125,forget10,10,gemma-2b,0.3303333333333333,0.4744693526084138,0.6221504770944077,0.4717948717948718,0.5376470245836699,0.6837769985785676,0.3248518123241251,0.2597537783718475,0.3719776104853941,0.0,1.0159568700025987e-55,0.1515933745262259,0.4128319563495569,3.1220103957688116e-05
grad_diff,250,forget10,10,gemma-2b,0.2886666666666667,0.4294872660565515,0.6023984662588867,0.388034188034188,0.4802773432943681,0.6512685838375449,0.3658191633047695,0.2976168778054806,0.372853090160993,0.0066078390420495,2.7509715944019263e-67,0.1036429245379664,0.4013750854466481,5.6455126419136865e-11
grad_diff,225,forget10,10,gemma-2b,0.3245,0.4425425625653036,0.564265966036973,0.4333333333333333,0.4933851732085355,0.6681364844637134,0.3699894393162116,0.2875935324801396,0.3819224515238955,0.0117593879411791,4.238233879436424e-47,0.1079184725063919,0.4139263915251075,1.0425211689619636e-10
grad_diff,75,forget10,10,gemma-2b,0.4145,0.4438813086647226,0.5415896044853408,0.513960113960114,0.4904647665553043,0.6150391636509058,0.3175293100844066,0.2227630995830088,0.3420095745213208,0.0262183258567224,0.0048303535839793,0.2195527729930087,0.3967454207071099,0.0004340056315039
grad_diff,150,forget10,10,gemma-2b,0.38,0.4608298517413077,0.5661606491213838,0.6652421652421652,0.5128334869476714,0.6408752318070836,0.3512237246518841,0.2967352680076267,0.3657157428227103,0.0006666666666666,1.056430309437044e-54,0.1450680210374414,0.4383199016138328,1.724228301384082e-05
grad_diff,175,forget10,10,gemma-2b,0.3963333333333333,0.449721340926228,0.5447129530610091,0.6431623931623932,0.5078096075869786,0.6289562007986456,0.3662861215960117,0.3128928050706784,0.3607287213582022,0.0113931830023086,8.96392353838449e-08,0.1382225672458439,0.4412887953819675,9.3594972553531e-06
grad_diff,50,forget10,10,gemma-2b,0.5259999999999999,0.4571960955621239,0.6296776703220364,0.6085470085470085,0.4972327616316853,0.6691823885536564,0.251037584554607,0.0058186924960452,0.5399980168359882,0.1216168341762712,5.093194088562182e-05,0.3605348054122642,0.0477401684005004,4.594108833154727e-05
grad_diff,200,forget10,10,gemma-2b,0.4053333333333333,0.4553109633240126,0.5603113636603638,0.6232193732193733,0.5154711794119369,0.6396287973729753,0.3679095594269387,0.3317107658428591,0.3737784836600165,0.0096982512284294,2.3735606949674793e-08,0.146368751728448,0.450807068372247,4.992506819093735e-06
idk,17,forget01,10,gemma-2b,0.7193333333333334,0.4571982236215035,0.5741300561247914,0.7293447293447294,0.5046166303634032,0.6374026466350413,0.6963807698670457,0.8096292273049072,0.5505776678923093,0.721549881529274,0.829729658559908,0.4621520427546609,0.6110708323114044,0.0012708143485281
idk,15,forget01,10,gemma-2b,0.7193333333333334,0.4571982236215035,0.5741300561247914,0.7293447293447294,0.5046166303634032,0.6374026466350413,0.6963807698670457,0.8096292273049072,0.5505776678923093,0.721549881529274,0.829729658559908,0.4621520427546609,0.6110708323114044,0.0012708143485281
idk,10,forget01,10,gemma-2b,0.7193333333333334,0.4571982236215035,0.5741300561247914,0.7293447293447294,0.5046166303634032,0.6374026466350413,0.6963807698670457,0.8096292273049072,0.5505776678923093,0.721549881529274,0.829729658559908,0.4621520427546609,0.6110708323114044,0.0012708143485281
idk,12,forget01,10,gemma-2b,0.7193333333333334,0.4571982236215035,0.5741300561247914,0.7293447293447294,0.5046166303634032,0.6374026466350413,0.6963807698670457,0.8096292273049072,0.5505776678923093,0.721549881529274,0.829729658559908,0.4621520427546609,0.6110708323114044,0.0012708143485281
idk,5,forget01,10,gemma-2b,0.7193333333333334,0.4571982236215035,0.5741300561247914,0.7293447293447294,0.5046166303634032,0.6374026466350413,0.6963807698670457,0.8096292273049072,0.5505776678923093,0.721549881529274,0.829729658559908,0.4621520427546609,0.6110708323114044,0.0012708143485281
idk,7,forget01,10,gemma-2b,0.7193333333333334,0.4571982236215035,0.5741300561247914,0.7293447293447294,0.5046166303634032,0.6374026466350413,0.6963807698670457,0.8096292273049072,0.5505776678923093,0.721549881529274,0.829729658559908,0.4621520427546609,0.6110708323114044,0.0012708143485281
idk,2,forget01,10,gemma-2b,0.7193333333333334,0.4571982236215035,0.5741300561247914,0.7293447293447294,0.5046166303634032,0.6374026466350413,0.6963807698670457,0.8096292273049072,0.5505776678923093,0.721549881529274,0.829729658559908,0.4621520427546609,0.6110708323114044,0.0012708143485281
KL,17,forget01,10,gemma-2b,0.7543333333333334,0.4586498162643065,0.5764174062143695,0.7307692307692307,0.5049083062665463,0.6386777020503637,0.6946709087226542,0.8033649728928389,0.5465156960167518,0.5284260567846399,0.6346427255995064,0.478115324388625,0.6135127187884873,0.0012708143485281
KL,15,forget01,10,gemma-2b,0.7193333333333334,0.4571982236215035,0.5741300561247914,0.7293447293447294,0.5046166303634032,0.6374026466350413,0.6963807698670457,0.8096292273049072,0.5505776678923093,0.721549881529274,0.829729658559908,0.4621520427546609,0.6110708323114044,0.0012708143485281
KL,10,forget01,10,gemma-2b,0.7193333333333334,0.4571982236215035,0.5741300561247914,0.7293447293447294,0.5046166303634032,0.6374026466350413,0.6963807698670457,0.8096292273049072,0.5505776678923093,0.721549881529274,0.829729658559908,0.4621520427546609,0.6110708323114044,0.0012708143485281
KL,12,forget01,10,gemma-2b,0.7193333333333334,0.4571982236215035,0.5741300561247914,0.7293447293447294,0.5046166303634032,0.6374026466350413,0.6963807698670457,0.8096292273049072,0.5505776678923093,0.721549881529274,0.829729658559908,0.4621520427546609,0.6110708323114044,0.0012708143485281
KL,5,forget01,10,gemma-2b,0.7193333333333334,0.4571982236215035,0.5741300561247914,0.7293447293447294,0.5046166303634032,0.6374026466350413,0.6963807698670457,0.8096292273049072,0.5505776678923093,0.721549881529274,0.829729658559908,0.4621520427546609,0.6110708323114044,0.0012708143485281
KL,7,forget01,10,gemma-2b,0.7193333333333334,0.4571982236215035,0.5741300561247914,0.7293447293447294,0.5046166303634032,0.6374026466350413,0.6963807698670457,0.8096292273049072,0.5505776678923093,0.721549881529274,0.829729658559908,0.4621520427546609,0.6110708323114044,0.0012708143485281
KL,2,forget01,10,gemma-2b,0.7193333333333334,0.4571982236215035,0.5741300561247914,0.7293447293447294,0.5046166303634032,0.6374026466350413,0.6963807698670457,0.8096292273049072,0.5505776678923093,0.721549881529274,0.829729658559908,0.4621520427546609,0.6110708323114044,0.0012708143485281
dpo,126,forget01,10,gemma-2b,0.7093333333333334,0.4573172164015022,0.5728002374044312,0.7293447293447294,0.5053492823521161,0.6357320626946131,0.6927638061697998,0.8094287940598267,0.5508982205559974,0.7300100459024093,0.8297959593908057,0.4612342533906776,0.6097845016041054,0.0012708143485281
dpo,108,forget01,10,gemma-2b,0.7093333333333334,0.4546468553079094,0.5714503614831896,0.7293447293447294,0.504238972518347,0.6375468552790986,0.6927651303893098,0.8094758450431522,0.5506339991524524,0.7212086904622764,0.8296456622448918,0.4617063708114223,0.6090564273484877,0.0012708143485281
dpo,144,forget01,10,gemma-2b,0.7093333333333334,0.457084619349331,0.5752169864062128,0.7250712250712251,0.5039666361360374,0.6376291825148217,0.6933924298149194,0.8097462679526266,0.5496473598002135,0.7228112217186815,0.829996791313907,0.4627222260140659,0.609580235463938,0.0012708143485281
dpo,72,forget01,10,gemma-2b,0.7193333333333334,0.4560594369726765,0.5737262943713908,0.7250712250712251,0.5053751851184486,0.6380345954920192,0.6958758583376272,0.8096242555756606,0.5506696737028193,0.7257819820048844,0.8299989839708468,0.4617515560614597,0.6106153619995836,0.0012708143485281
dpo,180,forget01,10,gemma-2b,0.7093333333333334,0.4564462441054005,0.5729562450668538,0.7293447293447294,0.5045015224024278,0.6360718879705498,0.6912033549739708,0.8096093903506089,0.5507041966595464,0.7257725524897498,0.8296024585914491,0.4615649462709662,0.6093796853361342,0.0012708143485281
dpo,54,forget01,10,gemma-2b,0.7293333333333334,0.4563998143268247,0.5729635334124697,0.737891737891738,0.5047869319810863,0.6368204828813312,0.691934843070366,0.8095722667443943,0.5511063852922455,0.72745757638028,0.8297769215757433,0.4605084253951347,0.6118698501305933,0.0012708143485281
dpo,90,forget01,10,gemma-2b,0.7193333333333334,0.4562252683702854,0.5732086732732491,0.7293447293447294,0.5037051281260972,0.6356178477253799,0.6889703717240404,0.8096193239012907,0.550380646208561,0.7226787481823342,0.829712241604371,0.4613915529292798,0.6097639598956832,0.0012708143485281
grad_ascent,17,forget01,10,gemma-2b,0.7443333333333334,0.459125328783545,0.5769589469219034,0.7564102564102564,0.5048950147298705,0.638332560634012,0.697343248450105,0.8033745268451805,0.5458731331576253,0.5285477115578072,0.6338598825812157,0.4797687836752814,0.6149775583524862,0.0012708143485281
grad_ascent,15,forget01,10,gemma-2b,0.7193333333333334,0.4571982236215035,0.5741300561247914,0.7293447293447294,0.5046166303634032,0.6374026466350413,0.6963807698670457,0.8096292273049072,0.5505776678923093,0.721549881529274,0.829729658559908,0.4621520427546609,0.6110708323114044,0.0012708143485281
grad_ascent,10,forget01,10,gemma-2b,0.7193333333333334,0.4571982236215035,0.5741300561247914,0.7293447293447294,0.5046166303634032,0.6374026466350413,0.6963807698670457,0.8096292273049072,0.5505776678923093,0.721549881529274,0.829729658559908,0.4621520427546609,0.6110708323114044,0.0012708143485281
grad_ascent,12,forget01,10,gemma-2b,0.7193333333333334,0.4571982236215035,0.5741300561247914,0.7293447293447294,0.5046166303634032,0.6374026466350413,0.6963807698670457,0.8096292273049072,0.5505776678923093,0.721549881529274,0.829729658559908,0.4621520427546609,0.6110708323114044,0.0012708143485281
grad_ascent,5,forget01,10,gemma-2b,0.7193333333333334,0.4571982236215035,0.5741300561247914,0.7293447293447294,0.5046166303634032,0.6374026466350413,0.6963807698670457,0.8096292273049072,0.5505776678923093,0.721549881529274,0.829729658559908,0.4621520427546609,0.6110708323114044,0.0012708143485281
grad_ascent,7,forget01,10,gemma-2b,0.7193333333333334,0.4571982236215035,0.5741300561247914,0.7293447293447294,0.5046166303634032,0.6374026466350413,0.6963807698670457,0.8096292273049072,0.5505776678923093,0.721549881529274,0.829729658559908,0.4621520427546609,0.6110708323114044,0.0012708143485281
grad_ascent,2,forget01,10,gemma-2b,0.7193333333333334,0.4571982236215035,0.5741300561247914,0.7293447293447294,0.5046166303634032,0.6374026466350413,0.6963807698670457,0.8096292273049072,0.5505776678923093,0.721549881529274,0.829729658559908,0.4621520427546609,0.6110708323114044,0.0012708143485281
grad_diff,17,forget01,10,gemma-2b,0.7093333333333334,0.458129299527562,0.574492198126159,0.7207977207977209,0.5042145255585219,0.636743575696875,0.7010723838033628,0.8079082021725131,0.5513284609497018,0.5670065513686394,0.6853320370659544,0.4713159387649235,0.6100739926605312,0.0012708143485281
grad_diff,15,forget01,10,gemma-2b,0.7193333333333334,0.4571982236215035,0.5741300561247914,0.7293447293447294,0.5046166303634032,0.6374026466350413,0.6963807698670457,0.8096292273049072,0.5505776678923093,0.721549881529274,0.829729658559908,0.4621520427546609,0.6110708323114044,0.0012708143485281
grad_diff,10,forget01,10,gemma-2b,0.7193333333333334,0.4571982236215035,0.5741300561247914,0.7293447293447294,0.5046166303634032,0.6374026466350413,0.6963807698670457,0.8096292273049072,0.5505776678923093,0.721549881529274,0.829729658559908,0.4621520427546609,0.6110708323114044,0.0012708143485281
grad_diff,12,forget01,10,gemma-2b,0.7193333333333334,0.4571982236215035,0.5741300561247914,0.7293447293447294,0.5046166303634032,0.6374026466350413,0.6963807698670457,0.8096292273049072,0.5505776678923093,0.721549881529274,0.829729658559908,0.4621520427546609,0.6110708323114044,0.0012708143485281
grad_diff,5,forget01,10,gemma-2b,0.7193333333333334,0.4571982236215035,0.5741300561247914,0.7293447293447294,0.5046166303634032,0.6374026466350413,0.6963807698670457,0.8096292273049072,0.5505776678923093,0.721549881529274,0.829729658559908,0.4621520427546609,0.6110708323114044,0.0012708143485281
grad_diff,7,forget01,10,gemma-2b,0.7193333333333334,0.4571982236215035,0.5741300561247914,0.7293447293447294,0.5046166303634032,0.6374026466350413,0.6963807698670457,0.8096292273049072,0.5505776678923093,0.721549881529274,0.829729658559908,0.4621520427546609,0.6110708323114044,0.0012708143485281
grad_diff,2,forget01,10,gemma-2b,0.7193333333333334,0.4571982236215035,0.5741300561247914,0.7293447293447294,0.5046166303634032,0.6374026466350413,0.6963807698670457,0.8096292273049072,0.5505776678923093,0.721549881529274,0.829729658559908,0.4621520427546609,0.6110708323114044,0.0012708143485281
idk,12,forget05,5,gemma-2b,0.7193333333333334,0.4571982236215035,0.5741300561247914,0.7293447293447294,0.5046166303634032,0.6374026466350413,0.6963807698670457,0.8096292273049072,0.5505776678923093,0.7268912905181645,0.8293688475946717,0.4314533177762555,0.6110708323114044,2.564543314097582e-07
idk,60,forget05,5,gemma-2b,0.4833333333333333,0.4163992558831629,0.5191915235646918,0.7735042735042735,0.4479976935435341,0.5479033443523682,0.4432571991900472,0.5964542136839183,0.4852847911996527,0.0593866752510817,0.4414740621145923,0.5580887872729902,0.5073298859055537,0.002660191568016
idk,48,forget05,5,gemma-2b,0.5033333333333333,0.4285683508985581,0.533782532416342,0.7649572649572649,0.4593667799514525,0.5635140212042656,0.4178259659147524,0.5721784556929396,0.472786662153868,0.057086141284618,0.4470824098188397,0.5516904115371729,0.508232102994921,0.0017157267619421
KL,12,forget05,5,gemma-2b,0.7193333333333334,0.4571982236215035,0.5741300561247914,0.7293447293447294,0.5046166303634032,0.6374026466350413,0.6963807698670457,0.8096292273049072,0.5505776678923093,0.7268912905181645,0.8293688475946717,0.4314533177762555,0.6110708323114044,2.564543314097582e-07
KL,60,forget05,5,gemma-2b,0.0,0.2685913695554643,0.5058773249944253,0.0,0.2055720229014317,0.4987479389944819,0.0,2.5279974927851513e-53,0.4264989847764784,0.0,3.2504973833981198e-55,0.1691818975364448,0.0,1.3889184406484716e-06
KL,48,forget05,5,gemma-2b,0.0,0.2704323171846717,0.5083631308487108,0.0,0.2136249357248302,0.4866348256588111,0.0,1.774671199885939e-48,0.4199152097105585,0.0,6.926523304046413e-51,0.1806666564384007,0.0,4.964601673905554e-06
dpo,450,forget05,5,gemma-2b,0.7293333333333334,0.456123577240045,0.5725311718945867,0.7293447293447294,0.5046598419395396,0.6375280653357743,0.6911597179458332,0.80964681861925,0.5508655556055114,0.7241251586884491,0.8292533374160268,0.430889538467313,0.6110563245637607,2.564543314097582e-07
dpo,180,forget05,5,gemma-2b,0.7093333333333334,0.4565181260506674,0.5726276475616757,0.7250712250712251,0.5036140753566147,0.6348198537284289,0.6870101546854726,0.8097562677216111,0.5503966839400893,0.7266510384242697,0.8293548575842717,0.4312111698531992,0.6083518892252332,3.6270939278107467e-07
dpo,90,forget05,5,gemma-2b,0.7193333333333334,0.4564564261702737,0.573538759593956,0.737891737891738,0.5050013355821037,0.6363769881604234,0.6885311976704458,0.8094972549406084,0.5500980366608573,0.7192108424986224,0.8295034897037473,0.4317037190690606,0.6107124162975001,2.564543314097582e-07
grad_ascent,60,forget05,5,gemma-2b,0.0,0.2666618294659887,0.5004498310073388,0.0,0.207074061515793,0.497985522280437,0.0,1.5071133355648686e-53,0.4296323509509619,0.0,1.6007483392592231e-55,0.1669668045451392,0.0,9.993842600871629e-07
grad_ascent,48,forget05,5,gemma-2b,0.0,0.2721752039924283,0.4984511271020975,0.0,0.2117695462668592,0.4824399313806329,0.0,5.8093166191662885e-46,0.4196657362446759,0.0,2.2752343710525225e-49,0.1734129869759312,0.0,3.633657552282063e-06
grad_ascent,50,forget05,5,gemma-2b,0.0,0.2690586323348203,0.5084426185032611,0.0,0.2041579225563037,0.4999298439997139,0.0,1.5900860161971266e-49,0.4234509202290274,0.0,1.9571081247958187e-52,0.167053366833689,0.0,1.3889184406484716e-06
grad_diff,60,forget05,5,gemma-2b,0.1353333333333333,0.318919528972325,0.5039259555675939,0.0252136752136752,0.3985865431047813,0.6467463090646676,0.3396431708080543,0.286398771172472,0.3471369916855867,0.0,5.2208458811553175e-51,0.1638924366217662,0.1373168217330341,3.633657552282063e-06
grad_diff,48,forget05,5,gemma-2b,0.1033333333333333,0.3354700649781436,0.5310006600761868,0.0853276353276353,0.4326104669785214,0.6232953998291627,0.3298681007561569,0.2193154507502109,0.4382409161531416,0.0005263157894736,2.7782221169514328e-27,0.22223219853834,0.224719036152663,0.0002552019107909
idk,125,forget10,5,gemma-2b,0.6793333333333333,0.4359819051395269,0.5414812755091503,0.7464387464387465,0.4726015058195134,0.5852193955510868,0.5286309747727893,0.6606549350064714,0.4955089547683864,0.036617685489253,0.4759837189095225,0.5458896328358653,0.5555435926764867,0.0227736371371133
idk,75,forget10,5,gemma-2b,0.6453333333333333,0.4055821210122036,0.4958713792112717,0.7720797720797722,0.4562132501359366,0.561725615184902,0.4398756905296397,0.5692116249443628,0.4716914503381391,0.0590090915040954,0.4683181350317776,0.5659737262508009,0.5157760141301222,0.0662705022515885
idk,50,forget10,5,gemma-2b,0.5433333333333333,0.4195000464268896,0.5172472139565578,0.7863247863247863,0.4624296367674601,0.5731899489284227,0.4139444444158447,0.6004087053566514,0.4981721646146118,0.0834602657567398,0.5249548943711684,0.5184557217883317,0.5164963671288779,0.0041255187025172
KL,125,forget10,5,gemma-2b,0.0,,0.4313065809554619,0.0092592592592592,,0.4514113287085169,0.0164291296571838,0.0,0.4646107796162584,0.0120995038152625,0.0,0.1177291783174705,,7.642474624394928e-09
KL,75,forget10,5,gemma-2b,0.0,,0.4427913856551878,0.0,,0.4653956816766221,0.017281659122005,0.0,0.4647997591863788,0.0149183119616975,0.0,0.1221719575685904,,4.442780266976635e-09
KL,50,forget10,5,gemma-2b,0.0,,0.5601872362518275,0.0,,0.6158564184834946,0.0,0.0,0.4233041414025493,0.0,0.0,0.1541101772302498,,2.2016250191801383e-08
dpo,718,forget10,5,gemma-2b,0.7343333333333334,0.4563063847143349,0.5727597172016389,0.7293447293447294,0.5044185876586182,0.6376365077377764,0.6956901974067355,0.8096287153736483,0.5508148984743917,0.6872535625934372,0.8157549358347465,0.4444977440323224,0.6118646473771528,7.367328038666561e-05
dpo,179,forget10,5,gemma-2b,0.7243333333333334,0.4567759042740053,0.5732609695980017,0.737891737891738,0.5049722238258859,0.6373751951949511,0.692663421783298,0.8094766375656779,0.5503848731287998,0.6893527708096343,0.8158516289904708,0.4446946007794626,0.611634244448698,0.0001065973236184
dpo,359,forget10,5,gemma-2b,0.7293333333333334,0.4569579938619313,0.5751327153025239,0.7421652421652423,0.5051335498212137,0.6374759931757927,0.6919042279566245,0.8096184062339769,0.5510125308849646,0.6861085294476809,0.8158872229352255,0.444191757805904,0.6126918560547226,0.0001278660295149
grad_ascent,125,forget10,5,gemma-2b,0.0,,0.4417652691915836,0.0,,0.4469955911227113,0.0,0.0,0.4661121298382648,0.0,0.0,0.1139007238996865,,4.442780266976635e-09
grad_ascent,75,forget10,5,gemma-2b,0.0,,0.4144291281931233,0.0,,0.4384267350162453,0.0,0.0,0.4645592745006545,0.0,0.0,0.1136546502860338,,4.442780266976635e-09
grad_ascent,50,forget10,5,gemma-2b,0.0,,0.4870186692508048,0.0,,0.4524944713377347,0.0,0.0,0.4687093746518247,0.0,0.0,0.1463296367387067,,2.663832721308678e-07
grad_diff,125,forget10,5,gemma-2b,0.13,0.3566477301856504,0.5104706734031778,0.0491452991452991,,0.4894091807912161,0.1719934415698863,0.0815264030445334,0.3404521302370272,0.0004444444444444,0.0,0.1113063352971067,,4.628373497044855e-10
grad_diff,75,forget10,5,gemma-2b,0.0653333333333333,0.3860247522825514,0.5068188035945864,0.017094017094017,,0.5637915612542553,0.1170993784247873,0.0222153613430467,0.3656699674425303,0.0091144820608142,0.0001902085651661,0.145379257606975,,4.628373497044855e-10
grad_diff,50,forget10,5,gemma-2b,0.4493333333333333,0.4637329107516807,0.6231700145990315,0.6535612535612536,0.5007250545201453,0.6461691478900667,0.2532784522632594,0.0057327935733028,0.5746061649426408,0.1104567385204182,1.7951287078667195e-05,0.4028424511996177,0.0470748303925747,6.709584008474486e-05
idk,10,forget01,5,gemma-2b,0.7193333333333334,0.4571982236215035,0.5741300561247914,0.7293447293447294,0.5046166303634032,0.6374026466350413,0.6963807698670457,0.8096292273049072,0.5505776678923093,0.721549881529274,0.829729658559908,0.4621520427546609,0.6110708323114044,0.0012708143485281
idk,12,forget01,5,gemma-2b,0.7193333333333334,0.4571982236215035,0.5741300561247914,0.7293447293447294,0.5046166303634032,0.6374026466350413,0.6963807698670457,0.8096292273049072,0.5505776678923093,0.721549881529274,0.829729658559908,0.4621520427546609,0.6110708323114044,0.0012708143485281
idk,6,forget01,5,gemma-2b,0.7193333333333334,0.4571982236215035,0.5741300561247914,0.7293447293447294,0.5046166303634032,0.6374026466350413,0.6963807698670457,0.8096292273049072,0.5505776678923093,0.721549881529274,0.829729658559908,0.4621520427546609,0.6110708323114044,0.0012708143485281
idk,7,forget01,5,gemma-2b,0.7193333333333334,0.4571982236215035,0.5741300561247914,0.7293447293447294,0.5046166303634032,0.6374026466350413,0.6963807698670457,0.8096292273049072,0.5505776678923093,0.721549881529274,0.829729658559908,0.4621520427546609,0.6110708323114044,0.0012708143485281
KL,10,forget01,5,gemma-2b,0.7193333333333334,0.4571982236215035,0.5741300561247914,0.7293447293447294,0.5046166303634032,0.6374026466350413,0.6963807698670457,0.8096292273049072,0.5505776678923093,0.721549881529274,0.829729658559908,0.4621520427546609,0.6110708323114044,0.0012708143485281
KL,12,forget01,5,gemma-2b,0.7193333333333334,0.4571982236215035,0.5741300561247914,0.7293447293447294,0.5046166303634032,0.6374026466350413,0.6963807698670457,0.8096292273049072,0.5505776678923093,0.721549881529274,0.829729658559908,0.4621520427546609,0.6110708323114044,0.0012708143485281
KL,6,forget01,5,gemma-2b,0.7193333333333334,0.4571982236215035,0.5741300561247914,0.7293447293447294,0.5046166303634032,0.6374026466350413,0.6963807698670457,0.8096292273049072,0.5505776678923093,0.721549881529274,0.829729658559908,0.4621520427546609,0.6110708323114044,0.0012708143485281
KL,7,forget01,5,gemma-2b,0.7193333333333334,0.4571982236215035,0.5741300561247914,0.7293447293447294,0.5046166303634032,0.6374026466350413,0.6963807698670457,0.8096292273049072,0.5505776678923093,0.721549881529274,0.829729658559908,0.4621520427546609,0.6110708323114044,0.0012708143485281
dpo,72,forget01,5,gemma-2b,0.7093333333333334,0.4574731088534638,0.5743330313996056,0.7250712250712251,0.5050328128133572,0.6376480453716639,0.692172661597351,0.8096883365792409,0.5505029867734653,0.7275506650055285,0.8299865021437913,0.4600430488738885,0.6097295467964526,0.0012708143485281
dpo,54,forget01,5,gemma-2b,0.7193333333333334,0.4574076216277937,0.57407961203035,0.7293447293447294,0.5048459880543579,0.6371741076846824,0.6905193590668607,0.8095704142209436,0.5504364103749239,0.7249468449197474,0.8296283990917281,0.4619740782704563,0.6105916158596917,0.0012708143485281
dpo,90,forget01,5,gemma-2b,0.7093333333333334,0.4571747572794096,0.574895973654359,0.7293447293447294,0.5047625092893581,0.6380035066980942,0.6912397367095765,0.8097061758074978,0.5502184045094145,0.7295754144496327,0.8295405795493715,0.4628986367856879,0.6099490010021467,0.0012708143485281
grad_ascent,10,forget01,5,gemma-2b,0.7193333333333334,0.4571982236215035,0.5741300561247914,0.7293447293447294,0.5046166303634032,0.6374026466350413,0.6963807698670457,0.8096292273049072,0.5505776678923093,0.721549881529274,0.829729658559908,0.4621520427546609,0.6110708323114044,0.0012708143485281
grad_ascent,12,forget01,5,gemma-2b,0.7193333333333334,0.4571982236215035,0.5741300561247914,0.7293447293447294,0.5046166303634032,0.6374026466350413,0.6963807698670457,0.8096292273049072,0.5505776678923093,0.721549881529274,0.829729658559908,0.4621520427546609,0.6110708323114044,0.0012708143485281
grad_ascent,6,forget01,5,gemma-2b,0.7193333333333334,0.4571982236215035,0.5741300561247914,0.7293447293447294,0.5046166303634032,0.6374026466350413,0.6963807698670457,0.8096292273049072,0.5505776678923093,0.721549881529274,0.829729658559908,0.4621520427546609,0.6110708323114044,0.0012708143485281
grad_ascent,7,forget01,5,gemma-2b,0.7193333333333334,0.4571982236215035,0.5741300561247914,0.7293447293447294,0.5046166303634032,0.6374026466350413,0.6963807698670457,0.8096292273049072,0.5505776678923093,0.721549881529274,0.829729658559908,0.4621520427546609,0.6110708323114044,0.0012708143485281
grad_diff,10,forget01,5,gemma-2b,0.7193333333333334,0.4571982236215035,0.5741300561247914,0.7293447293447294,0.5046166303634032,0.6374026466350413,0.6963807698670457,0.8096292273049072,0.5505776678923093,0.721549881529274,0.829729658559908,0.4621520427546609,0.6110708323114044,0.0012708143485281
grad_diff,12,forget01,5,gemma-2b,0.7193333333333334,0.4571982236215035,0.5741300561247914,0.7293447293447294,0.5046166303634032,0.6374026466350413,0.6963807698670457,0.8096292273049072,0.5505776678923093,0.721549881529274,0.829729658559908,0.4621520427546609,0.6110708323114044,0.0012708143485281
grad_diff,6,forget01,5,gemma-2b,0.7193333333333334,0.4571982236215035,0.5741300561247914,0.7293447293447294,0.5046166303634032,0.6374026466350413,0.6963807698670457,0.8096292273049072,0.5505776678923093,0.721549881529274,0.829729658559908,0.4621520427546609,0.6110708323114044,0.0012708143485281
grad_diff,7,forget01,5,gemma-2b,0.7193333333333334,0.4571982236215035,0.5741300561247914,0.7293447293447294,0.5046166303634032,0.6374026466350413,0.6963807698670457,0.8096292273049072,0.5505776678923093,0.721549881529274,0.829729658559908,0.4621520427546609,0.6110708323114044,0.0012708143485281
idk,12,forget05,10,phi,0.3873333333333333,0.3739980798528777,0.4540155602818996,0.7414529914529915,0.4115548419057418,0.5014237607880195,0.9213480067903188,0.9312687127930456,0.484390468084005,0.9324412299112882,0.9316437738737936,0.4720095226626791,0.5156237353138797,2.962348735693602e-13
idk,120,forget05,10,phi,0.3106666666666667,0.3630320090842558,0.426161183135967,0.782051282051282,0.4087127299765119,0.4941565437857795,0.8624867705357799,0.9197925485968992,0.4832498844702339,0.1592682719304067,0.7614615732999461,0.488022449189364,0.4895295152459878,2.8873674273022313e-11
idk,75,forget05,10,phi,0.289,0.3555715792360708,0.4170520867871339,0.7638176638176639,0.4061396302113448,0.4885969432890173,0.8236666773253731,0.9037088162805386,0.47872969525632,0.171431947178339,0.7675954320389393,0.4917761502233178,0.4762419828448929,2.8873674273022313e-11
idk,62,forget05,10,phi,0.2806666666666667,0.3528815315780699,0.4132630606183149,0.7794871794871795,0.4041389804962041,0.4840917719467544,0.7852027172769681,0.8923668718835095,0.4759533192109051,0.1927544131292837,0.7748077240799077,0.4912854588859026,0.4703482758233914,1.3850840057169374e-11
idk,87,forget05,10,phi,0.2756666666666667,0.360562974867032,0.4252010253932906,0.7706552706552706,0.4084718496255102,0.4931818204937163,0.8340846399425951,0.9091206660671473,0.479699692080424,0.1590246293255779,0.7623903163943752,0.4914615489725749,0.4759448109047232,1.2127544312107394e-10
idk,50,forget05,10,phi,0.3156666666666667,0.3586971080065895,0.4237141452283005,0.7777777777777778,0.4122379874830346,0.4975016601217076,0.7301724276783879,0.8733540379839531,0.4684971255130573,0.2369902120064229,0.7817567579473189,0.496598687643133,0.4816330770210253,6.568964585936946e-12
KL,12,forget05,10,phi,0.3873333333333333,0.3739980798528777,0.4540155602818996,0.7414529914529915,0.4115548419057418,0.5014237607880195,0.9213480067903188,0.9312687127930456,0.484390468084005,0.9324412299112882,0.9316437738737936,0.4720095226626791,0.5156237353138797,2.962348735693602e-13
KL,120,forget05,10,phi,0.0066666666666666,0.2886744320537414,0.4559151462724239,0.0,0.1970266363079299,0.3082421471022027,0.0155566477296775,1.9818148693507356e-15,0.2663226653473292,0.0044567787483928,2.1245811609198268e-39,0.5452500404984938,0.0,2.6127403909667314e-07
KL,75,forget05,10,phi,0.0,0.2773061508473013,0.425737569651626,0.0,0.2379782489856512,0.3811066501591517,0.0052018539603695,2.597050662183533e-37,0.1758668531462795,0.0042901120817262,1.1475466777867455e-37,0.60224568499025,0.0,1.3921047931216453e-06
KL,62,forget05,10,phi,0.0,0.2796754372337666,0.403813479766305,0.0,0.2534430862607161,0.3495621272667659,0.0052018539603695,4.771513407561524e-30,0.1347126809360975,0.0042901120817262,1.727593690028934e-30,0.7086691475240436,0.0,1.3850840057169374e-11
KL,87,forget05,10,phi,0.0,0.275194089603737,0.4521363867932571,0.0,0.2377980800931738,0.4097514782985276,0.0052018539603695,8.195511407976559e-38,0.1890520955872203,0.0042901120817262,2.1053111353676403e-39,0.5693217603802,0.0,8.056669472003223e-07
KL,50,forget05,10,phi,0.0,0.2455106331278585,0.2326995639917167,0.0038461538461538,0.2740239775652545,0.2784594503841178,0.007045515710027,2.6575597008916113e-14,0.189955418622974,0.0056006292430938,1.0373902944487028e-14,0.7213222799334236,0.0,1.3850840057169374e-11
dpo,720,forget05,10,phi,0.434,0.3638069094275832,0.4367937758445279,0.7713675213675214,0.4046563715072758,0.4942776806322389,0.8770651834416653,0.8745452168279091,0.4337752876055351,0.8509764004995729,0.8594075477597579,0.5330461602752964,0.5078429969462269,8.056669472003223e-07
dpo,900,forget05,10,phi,0.424,0.3632866028367957,0.4371413621710108,0.7692307692307693,0.4038940311763684,0.4954705215992406,0.8744986756799216,0.8739680964954433,0.4340115495329805,0.8518134933474962,0.8587458298527357,0.5336197377489171,0.5060525805976842,8.056669472003223e-07
dpo,450,forget05,10,phi,0.474,0.3639714532411946,0.4379836554787493,0.7863247863247863,0.4063129808139071,0.4969078394544243,0.8827620243927207,0.881632249400579,0.4378722416659057,0.8708151936279763,0.8697423682592091,0.5279428428217142,0.5161573359273047,2.6127403909667314e-07
dpo,540,forget05,10,phi,0.4539999999999999,0.3644240881038547,0.4372046843689505,0.7713675213675214,0.4047956031850483,0.4948227551187072,0.8818422330992726,0.8780916040572834,0.4359299008996718,0.8609657232890572,0.8646652968139201,0.5313324911684181,0.5116999038348988,2.6127403909667314e-07
dpo,810,forget05,10,phi,0.434,0.363160845508896,0.4365694682825298,0.7799145299145299,0.403992936645913,0.4955369882721491,0.879757138951417,0.8740990503109477,0.4336530227101817,0.8518017017733773,0.8590159907355179,0.533621929284048,0.5081721590048569,8.056669472003223e-07
dpo,630,forget05,10,phi,0.4465,0.3643337855705152,0.437846092700025,0.7799145299145299,0.4050216455622509,0.4938933026687503,0.8784288438774552,0.8757332260338431,0.4350613339602143,0.8523128519589281,0.8613941474659315,0.532421103908072,0.510695310924643,2.6127403909667314e-07
dpo,180,forget05,10,phi,0.444,0.3696199332286188,0.4474589521002272,0.7521367521367521,0.4118082091807392,0.50200773200064,0.9201218618970128,0.9104373349674044,0.4586844968926179,0.9126248043273684,0.9072891687949284,0.5014487811398705,0.5199976345756849,3.602472544567432e-09
dpo,90,forget05,10,phi,0.4073333333333333,0.3725818848809274,0.4525744584984021,0.7585470085470085,0.4138231088688363,0.5029750293471587,0.9186679917876048,0.9261832521021656,0.4749017742046534,0.9269494450411244,0.925911327833384,0.4833727794726597,0.5188680790896958,6.568964585936946e-12
grad_ascent,12,forget05,10,phi,0.3873333333333333,0.3739980798528777,0.4540155602818996,0.7414529914529915,0.4115548419057418,0.5014237607880195,0.9213480067903188,0.9312687127930456,0.484390468084005,0.9324412299112882,0.9316437738737936,0.4720095226626791,0.5156237353138797,2.962348735693602e-13
grad_ascent,120,forget05,10,phi,0.0,0.2616077016850757,0.4372193019020613,0.0,0.241796962793535,0.3761962342900497,0.0052018539603695,1.2870827097244367e-40,0.194733374228825,0.0042901120817262,1.5682838034347915e-40,0.5506624517109513,0.0,2.3797467071606504e-06
grad_ascent,75,forget05,10,phi,0.0,0.2813211084910716,0.4343909107605433,0.0,0.242914349008084,0.3924939382431529,0.0052018539603695,1.0641761038331002e-37,0.1747638142724731,0.0042901120817262,6.925305739110009e-38,0.6012622003402939,0.0,2.3797467071606504e-06
grad_ascent,62,forget05,10,phi,0.0,0.2783374172429703,0.4015355925866531,0.0,0.2553555818419519,0.3471936554659166,0.0054139751724907,9.054415483527134e-31,0.1318943831414083,0.0042901120817262,3.913839911009168e-31,0.7095272233106299,0.0,6.568964585936946e-12
grad_ascent,87,forget05,10,phi,0.0,0.2795153514137026,0.4420250987413656,0.0,0.2417968890173195,0.4028020989708046,0.0052018539603695,2.1772174664517494e-39,0.1888428182758174,0.0042901120817262,1.6965658027214948e-39,0.5718816237925389,0.0,1.115040214537872e-05
grad_ascent,50,forget05,10,phi,0.0,0.2387500775685767,0.2330476817310603,0.0,0.2704279266441359,0.2805443065660095,0.0051582031667187,9.844096980064211e-15,0.1834059691134421,0.0042901120817262,4.521795012350613e-15,0.7365877855709198,0.0,6.568964585936946e-12
grad_diff,12,forget05,10,phi,0.3873333333333333,0.3739980798528777,0.4540155602818996,0.7414529914529915,0.4115548419057418,0.5014237607880195,0.9213480067903188,0.9312687127930456,0.484390468084005,0.9324412299112882,0.9316437738737936,0.4720095226626791,0.5156237353138797,2.962348735693602e-13
grad_diff,120,forget05,10,phi,0.1534999999999999,0.3715203955860261,0.4433045658158176,0.4425925925925926,0.4059960141423921,0.4871468335690163,0.5148215417805794,0.5743110214643584,0.4205772822107566,0.0047630855718057,9.245266560292496e-07,0.4173870497372435,0.3703906542881428,4.024806511439489e-06
grad_diff,75,forget05,10,phi,0.1378333333333333,0.3802699721225566,0.4841167654668464,0.4578347578347578,0.4214255375527964,0.5149088247728747,0.4661861239934027,0.5045845472355948,0.4556821548317707,0.0716936751322758,5.123772012503839e-09,0.5882465606694797,0.3633272405572327,1.115040214537872e-05
grad_diff,62,forget05,10,phi,0.015,0.3621361919854586,0.4724957939714604,0.1534188034188034,0.3984424502157279,0.5185017052137325,0.0794774978458701,0.0173322242917206,0.508850865686054,0.0293453789858642,2.8976525642840305e-05,0.5868110774177432,0.0581604314928577,1.115040214537872e-05
grad_diff,87,forget05,10,phi,0.1336666666666666,0.3700050223348313,0.4598412785413733,0.3927350427350428,0.4040911855610506,0.4933391214724936,0.4521736144476023,0.4950581059749812,0.4243196520472044,0.0739433054103509,1.185111723909697e-24,0.480477131066684,0.3462233173436169,1.115040214537872e-05
grad_diff,50,forget05,10,phi,0.1836666666666666,0.3791961506812972,0.4680139994618899,0.5878917378917379,0.3955591804551502,0.4908738449866426,0.4185021747856986,0.4375752046526531,0.4495575579148025,0.2681781178458519,0.016192610565736,0.5989720925557053,0.3848795380917613,0.7125821300149116
idk,125,forget10,10,phi,0.3006666666666667,0.3568886311131221,0.4163695963704202,0.784900284900285,0.4016639191741856,0.4814374324727876,0.88472646599547,0.9253247185659672,0.4836432356746902,0.1837552364261299,0.8032725159827003,0.4867500154635517,0.4825973395475467,1.0619204030347364e-16
idk,250,forget10,10,phi,0.3656666666666666,0.3675062440016875,0.4319689255766135,0.7934472934472935,0.4046218403774742,0.4876225227913815,0.9363518384619076,0.9496897342896624,0.487941237299863,0.1701169381903512,0.775619613364093,0.4837648438376628,0.5077956482583702,5.100356615560927e-17
idk,225,forget10,10,phi,0.3656666666666666,0.3659409967809722,0.4306666750117026,0.7763532763532764,0.4042115332642693,0.4859452816037753,0.9338719270099408,0.9475396183823775,0.4872237650401648,0.1684425775138872,0.7803535316580369,0.4835555082626346,0.5059623619148499,2.4311282147882553e-17
idk,75,forget10,10,phi,0.2373333333333333,0.3493447555244257,0.401979938763384,0.762108262108262,0.4026763170396095,0.479180752651344,0.762260336230292,0.8984094725676834,0.4752218897300191,0.2232076437055568,0.8159722115446648,0.4945321455996248,0.4505553922228188,4.499933086722873e-16
idk,150,forget10,10,phi,0.3406666666666666,0.3656064073308209,0.4305284095560159,0.784900284900285,0.4058127975501521,0.4893615458865353,0.9023829802698649,0.9322087606448978,0.4856014029861664,0.1699691254830287,0.7894699476855984,0.4864890088714973,0.4995768500146491,1.0619204030347364e-16
idk,175,forget10,10,phi,0.3506666666666666,0.3652590570173046,0.4293775852175792,0.784900284900285,0.4066252054317795,0.4900088612335155,0.9132759226113804,0.9371359185832157,0.4848424738306413,0.1651335740826336,0.7901193129591649,0.485887822756597,0.5023132603482869,2.1942743021891234e-16
idk,50,forget10,10,phi,0.2323333333333333,0.3532691044651608,0.4103211455028362,0.7663817663817662,0.4086928492042162,0.4953228831199176,0.6748153903553787,0.8660924536493171,0.4649269537351589,0.2883959023542067,0.8150655405307266,0.5059590452137782,0.4470962010847953,1.4582054786325707e-14
idk,200,forget10,10,phi,0.3706666666666666,0.3662387335362346,0.4292064345777455,0.7806267806267807,0.4037199513707385,0.4827827251270225,0.9176128183479022,0.9424690342229284,0.487191001339976,0.1691972993283645,0.7789755977958367,0.483243125880367,0.5058764844865522,1.150018983956209e-17
KL,125,forget10,10,phi,0.0,0.2443162798652213,0.4384798843959925,0.0,0.2726179174470756,0.3890108803469401,0.0085043925101214,8.623851935212803e-50,0.1801844706829505,0.004165393675042,3.4740100447526733e-51,0.5558797375330545,0.0,2.1857531667946302e-20
KL,250,forget10,10,phi,0.0,0.2228570762027329,0.2960454438976498,0.0,0.2182661462824627,0.2513039096170885,0.0071314243627958,6.295818311244279e-54,0.1719047858050557,0.004165393675042,2.9505809217069063e-55,0.5119518485965595,0.0,9.889598198063616e-28
KL,225,forget10,10,phi,0.0,0.2226091205011559,0.3115835427366137,0.0,0.2192848040217773,0.2471856993597246,0.007068510052755,7.358971156739927e-54,0.1765617266536303,0.004165393675042,5.0231992212809186e-55,0.5143395630079762,0.0,1.1249599984884639e-25
KL,75,forget10,10,phi,0.0,0.257055676855648,0.4657559946204326,0.0,0.2762544214088428,0.4145036407247759,0.0060265706699555,5.2716451989335714e-45,0.1824396906794922,0.0042803362037776,3.4598408898997496e-46,0.5815798741901915,0.0,2.1942743021891234e-16
KL,150,forget10,10,phi,0.0,0.2149153029196051,0.3458766407133395,0.0,0.2516599539431893,0.3128365420149072,0.0059255605689454,9.090660445471375e-52,0.1835767271738519,0.004165393675042,7.710579646234847e-53,0.5296282603657935,0.0,4.222383660476908e-21
KL,175,forget10,10,phi,0.0,0.2187079556802504,0.3226563155906672,0.0,0.235515636607432,0.2563084910644481,0.0059255605689454,5.8923226251245205e-53,0.1706895976236026,0.004165393675042,5.773229572289929e-54,0.5419019992209654,0.0,4.283655759915899e-24
KL,50,forget10,10,phi,0.0069999999999999,0.2823555496898434,0.3907532986105883,0.1605413105413105,0.2614685125597635,0.2898988279381115,0.2136258210327617,2.4552137864475544e-05,0.2980363267355022,0.2034894707594897,1.71735448233264e-05,0.6652013565640206,0.0002200481034599,0.000468894859418
KL,200,forget10,10,phi,0.0,0.2176858189041769,0.3242578196403713,0.0,0.2232129046001767,0.2539515040370824,0.0064997541173324,1.4657109931504462e-53,0.1779548318103216,0.004165393675042,1.3236056257354708e-54,0.5181742109761552,0.0,6.734929816796876e-27
dpo,718,forget10,10,phi,0.3939999999999999,0.347151189632912,0.4020783304253001,0.7324786324786324,0.3962493416673547,0.4787828053623607,0.7642960961403107,0.7808108702091971,0.3848333343609599,0.7412788882723934,0.7649076659964261,0.5963519854291294,0.4719232039671484,7.686752727943917e-06
dpo,1256,forget10,10,phi,0.3923333333333333,0.3446962988305732,0.3981453929775787,0.7324786324786324,0.3923751310219587,0.473959143051797,0.7247094952284451,0.7510595942217738,0.3732369114056861,0.6988082932779153,0.7310151997484207,0.6076767666138432,0.4644950961436581,3.7746802141706127e-05
dpo,1436,forget10,10,phi,0.3823333333333333,0.3439455860084202,0.3956909032091447,0.7324786324786324,0.3914117411849725,0.4736949793815914,0.7177026800239339,0.748224870610934,0.3724162125495639,0.6949897657927088,0.7271251254380319,0.60919609284632,0.4616254709971858,3.7746802141706127e-05
dpo,179,forget10,10,phi,0.4423333333333333,0.368337530274523,0.4443075423379251,0.782051282051282,0.4124290439591895,0.4992884573178787,0.9156047022491216,0.9019870002778252,0.4515840733379695,0.9073718319115126,0.9006253900842033,0.5205156703415024,0.5187978886180623,3.922502017067572e-13
dpo,1790,forget10,10,phi,0.389,0.3434692706802142,0.3960990003977463,0.7239316239316238,0.3924157417831953,0.4735405245445275,0.7150398850014732,0.7468739604880676,0.3713656173116214,0.69057435780787,0.7255934141967844,0.6097868968261945,0.4620502497119908,3.7746802141706127e-05
dpo,359,forget10,10,phi,0.469,0.3573171203280927,0.421609510920418,0.7965811965811965,0.4038619097281863,0.4908186479143886,0.8424137614540798,0.8397324293636083,0.4124384565560473,0.8237924477558349,0.8322745465478907,0.5652214430971588,0.5035221513550496,4.324047665424968e-09
dpo,1615,forget10,10,phi,0.3923333333333333,0.3443305915818026,0.3965583670488555,0.7381766381766383,0.3916348248841805,0.4727283519546117,0.7117783999768507,0.7471146210087741,0.3717514297202554,0.693612284056343,0.7260163294184233,0.6096153863606358,0.4631633891450097,3.7746802141706127e-05
grad_ascent,125,forget10,10,phi,0.0,0.2162324433314637,0.3505532073282348,0.0,0.2330850259701869,0.287512776537532,0.0059255605689454,4.513133914111704e-52,0.1930603981079887,0.004165393675042,9.312942272251645e-53,0.5460248917896835,0.0,5.333457122241683e-19
grad_ascent,250,forget10,10,phi,0.0,0.2172402485850063,0.2929453846248483,0.0,0.1990603660551349,0.2388694389634506,0.0059255605689454,1.2809970361244753e-54,0.1821462972812099,0.004165393675042,1.743633624257864e-55,0.5142900215854661,0.0,1.1249599984884639e-25
grad_ascent,225,forget10,10,phi,0.0,0.2142427693485797,0.2989132520482003,0.0,0.1988557750509253,0.2365835770333704,0.0059255605689454,1.877894160493375e-54,0.1857997048138648,0.004165393675042,2.827945639498188e-55,0.5141743745340083,0.0,4.283655759915899e-24
grad_ascent,75,forget10,10,phi,0.0,0.2544677245298907,0.4715404025627088,0.0,0.2735263640355777,0.4020242513024327,0.0059255605689454,1.195339412419262e-45,0.1826420698386157,0.004165393675042,9.310855890810022e-47,0.5793047283841932,0.0,4.499933086722873e-16
grad_ascent,150,forget10,10,phi,0.0,0.2098056543919883,0.3236764835551435,0.0,0.2156620095290748,0.270830142968602,0.0059255605689454,5.927198891812048e-53,0.1976886907197155,0.004165393675042,1.3177271680445758e-53,0.5237727511521547,0.0,1.096624314778916e-19
grad_ascent,175,forget10,10,phi,0.0,0.2145196002469088,0.3107697385014576,0.0,0.2097656086767034,0.2545005238389095,0.0059255605689454,1.0265162579742599e-53,0.1904024524720017,0.004165393675042,2.1928538993212912e-54,0.5197248394972399,0.0,6.031911569834469e-23
grad_ascent,50,forget10,10,phi,0.002,0.2499176280745504,0.3622543046755602,0.0309116809116809,0.2340141099620146,0.2511646507378321,0.1837234072549325,8.765660015088259e-07,0.2669014795558682,0.1813859079824482,6.905717112977898e-07,0.650793379340644,7.885247129356765e-06,2.562143273864415e-05
grad_ascent,200,forget10,10,phi,0.0,0.21478893898177,0.3006122443949643,0.0,0.2036363742267349,0.2477629149387036,0.0059255605689454,3.520537293271159e-54,0.1873517019388486,0.004165393675042,6.294647700616506e-55,0.5213351370362441,0.0,1.4334261764269554e-22
grad_diff,125,forget10,10,phi,0.0911666666666666,0.3156775763876133,0.4489037115173754,0.2752136752136752,0.3710799420174418,0.4890369868484786,0.4782715640143442,0.5009981223083041,0.4002791932636965,0.0011111111111111,4.1555028356974694e-11,0.4068600940298768,0.2873314931254043,3.3247401264281346e-08
grad_diff,250,forget10,10,phi,0.1518333333333333,0.350705010658525,0.4550278512529895,0.4247863247863248,0.381096040869436,0.4794273743067239,0.5645861691683539,0.616234552646393,0.4187678845800537,0.0010416666666666,8.620287164430389e-07,0.4116761521389723,0.3676302678537458,5.01791941596116e-10
grad_diff,225,forget10,10,phi,0.1768333333333333,0.3532801646738865,0.4524575503880171,0.4433048433048433,0.3847827568834859,0.4778208169035519,0.5597052991551689,0.6101390802324682,0.4161667078427039,0.0010416666666666,1.2355465357033186e-06,0.4114407678173121,0.3834387636912364,1.4942294797261551e-09
grad_diff,75,forget10,10,phi,0.0819999999999999,0.35033092324139,0.4463411837906202,0.3887464387464387,0.4026272408426873,0.4912219561428426,0.3492984016441247,0.2557014673891223,0.4381612348127251,0.1912109006253801,0.0004089002808436,0.6373125011419118,0.269156793690789,7.277526651183985e-09
grad_diff,150,forget10,10,phi,0.1094999999999999,0.3468405216054717,0.4750174743496252,0.3670940170940171,0.3841183357199522,0.4772282532560343,0.5086066636486735,0.554982107053339,0.4107548496309394,0.0,1.5688243243518072e-17,0.4007292145380647,0.3243684059602577,1.4942294797261551e-09
grad_diff,175,forget10,10,phi,0.1918333333333333,0.3562124174509297,0.4475320015880407,0.4760683760683761,0.3920675638061838,0.478849174425365,0.5202047793517975,0.570562217932729,0.4061811404423896,0.0025555555555555,1.2377814897075386e-05,0.407760243684267,0.3890875350454229,4.324047665424968e-09
grad_diff,50,forget10,10,phi,0.237,0.3953165901147464,0.4723417701681155,0.6377492877492879,0.4265037269747407,0.5176183409409586,0.4330581495244599,0.3630222148219625,0.4290067195411425,0.3614085058402765,0.1157878060781752,0.5679639858249197,0.4071384873129686,7.686752727943917e-06
grad_diff,200,forget10,10,phi,0.1001666666666666,0.3184699975894509,0.4570346670917382,0.3186609686609686,0.3757754657728174,0.4988002039016028,0.5206111514738243,0.5789562065673999,0.4234548568328202,0.0,4.2667221893456026e-12,0.4148375685193079,0.3090119157740983,7.277526651183985e-09
idk,17,forget01,10,phi,0.3973333333333333,0.3722754227425885,0.4460776385402786,0.75,0.4126417983457853,0.5034176878590017,0.910910437451766,0.9254359629816268,0.4781303345576098,0.7958384381665996,0.9052888410075411,0.4910143883214345,0.5155305513633863,0.0067607323035692
idk,15,forget01,10,phi,0.3873333333333333,0.3739980798528777,0.4540155602818996,0.7414529914529915,0.4115548419057418,0.5014237607880195,0.9213480067903188,0.9312687127930456,0.484390468084005,0.9544952733048004,0.9327600889894516,0.4750028953358932,0.5156237353138797,0.0030181840772283
idk,10,forget01,10,phi,0.3873333333333333,0.3739980798528777,0.4540155602818996,0.7414529914529915,0.4115548419057418,0.5014237607880195,0.9213480067903188,0.9312687127930456,0.484390468084005,0.9544952733048004,0.9327600889894516,0.4750028953358932,0.5156237353138797,0.0030181840772283
idk,12,forget01,10,phi,0.3873333333333333,0.3739980798528777,0.4540155602818996,0.7414529914529915,0.4115548419057418,0.5014237607880195,0.9213480067903188,0.9312687127930456,0.484390468084005,0.9544952733048004,0.9327600889894516,0.4750028953358932,0.5156237353138797,0.0030181840772283
idk,5,forget01,10,phi,0.3873333333333333,0.3739980798528777,0.4540155602818996,0.7414529914529915,0.4115548419057418,0.5014237607880195,0.9213480067903188,0.9312687127930456,0.484390468084005,0.9544952733048004,0.9327600889894516,0.4750028953358932,0.5156237353138797,0.0030181840772283
idk,7,forget01,10,phi,0.3873333333333333,0.3739980798528777,0.4540155602818996,0.7414529914529915,0.4115548419057418,0.5014237607880195,0.9213480067903188,0.9312687127930456,0.484390468084005,0.9544952733048004,0.9327600889894516,0.4750028953358932,0.5156237353138797,0.0030181840772283
idk,2,forget01,10,phi,0.3873333333333333,0.3739980798528777,0.4540155602818996,0.7414529914529915,0.4115548419057418,0.5014237607880195,0.9213480067903188,0.9312687127930456,0.484390468084005,0.9544952733048004,0.9327600889894516,0.4750028953358932,0.5156237353138797,0.0030181840772283
KL,17,forget01,10,phi,0.4406666666666667,0.3652312726153437,0.4415189879279395,0.7613960113960113,0.4067476245147601,0.4934833805106849,0.8756880177326476,0.9091421358088518,0.4868250152700305,0.5508055586311226,0.5710447232653195,0.4995180731424992,0.5182383502661148,0.0067607323035692
KL,15,forget01,10,phi,0.4473333333333333,0.3680571607786707,0.4460232779228765,0.7827635327635327,0.4085467962754299,0.4985704035313119,0.914739266008176,0.9231668838391194,0.48503852007393,0.6764166630233722,0.7712039782130417,0.4879337842503266,0.5243666975761118,0.0030181840772283
KL,11,forget01,10,phi,0.3873333333333333,0.3739980798528777,0.4540155602818996,0.7414529914529915,0.4115548419057418,0.5014237607880195,0.9213480067903188,0.9312687127930456,0.484390468084005,0.9544952733048004,0.9327600889894516,0.4750028953358932,0.5156237353138797,0.0030181840772283
KL,10,forget01,10,phi,0.3873333333333333,0.3739980798528777,0.4540155602818996,0.7414529914529915,0.4115548419057418,0.5014237607880195,0.9213480067903188,0.9312687127930456,0.484390468084005,0.9544952733048004,0.9327600889894516,0.4750028953358932,0.5156237353138797,0.0030181840772283
KL,12,forget01,10,phi,0.3873333333333333,0.3739980798528777,0.4540155602818996,0.7414529914529915,0.4115548419057418,0.5014237607880195,0.9213480067903188,0.9312687127930456,0.484390468084005,0.9544952733048004,0.9327600889894516,0.4750028953358932,0.5156237353138797,0.0030181840772283
KL,6,forget01,10,phi,0.3873333333333333,0.3739980798528777,0.4540155602818996,0.7414529914529915,0.4115548419057418,0.5014237607880195,0.9213480067903188,0.9312687127930456,0.484390468084005,0.9544952733048004,0.9327600889894516,0.4750028953358932,0.5156237353138797,0.0030181840772283
KL,7,forget01,10,phi,0.3873333333333333,0.3739980798528777,0.4540155602818996,0.7414529914529915,0.4115548419057418,0.5014237607880195,0.9213480067903188,0.9312687127930456,0.484390468084005,0.9544952733048004,0.9327600889894516,0.4750028953358932,0.5156237353138797,0.0030181840772283
KL,9,forget01,10,phi,0.3873333333333333,0.3739980798528777,0.4540155602818996,0.7414529914529915,0.4115548419057418,0.5014237607880195,0.9213480067903188,0.9312687127930456,0.484390468084005,0.9544952733048004,0.9327600889894516,0.4750028953358932,0.5156237353138797,0.0030181840772283
dpo,126,forget01,10,phi,0.4123333333333333,0.3737577267240843,0.4533972903230447,0.7585470085470085,0.4103208778996763,0.498914351429246,0.9233055326688058,0.9288822133132574,0.4803877126774828,0.9475539736770088,0.9266808122293224,0.4858684515813937,0.520009317827659,0.0030181840772283
dpo,108,forget01,10,phi,0.4223333333333333,0.3743754596710528,0.4548015328615227,0.75,0.4108250372767197,0.4989340892868911,0.9226308704297402,0.9290689995298704,0.4801789265213716,0.9475539736770088,0.9269346010016912,0.4851384787154549,0.5216735892718404,0.0030181840772283
dpo,144,forget01,10,phi,0.4173333333333333,0.374659358372371,0.4551355079843849,0.75,0.4108711890856334,0.5007480803543889,0.9221267482444578,0.928825450622822,0.4801116808015525,0.9475539736770088,0.9264366305831278,0.4850184017872045,0.5211189120794649,0.0030181840772283
dpo,72,forget01,10,phi,0.4023333333333333,0.3745493256680012,0.4544699598577446,0.75,0.4112921624310564,0.4984765676875154,0.9238981894896996,0.9297150873519489,0.4818021586811714,0.953640930198748,0.9299220505470182,0.4806709984471623,0.5184314245314594,0.0030181840772283
dpo,180,forget01,10,phi,0.4273333333333333,0.374499769448098,0.4565216426541946,0.75,0.4105236824068728,0.5011820532695996,0.9212038638210844,0.9288134827193648,0.4801753999658478,0.9590123070103423,0.9261270729759368,0.4851472738340847,0.5229493716682879,0.0030181840772283
dpo,54,forget01,10,phi,0.4123333333333333,0.3746428788455592,0.4538335771712936,0.7443019943019943,0.4110628962730915,0.4991138879607302,0.9234276461441562,0.930299830887719,0.4830783582320148,0.9482865005587292,0.9307503452961164,0.4783240321992489,0.5200630905665267,0.0030181840772283
dpo,90,forget01,10,phi,0.4123333333333333,0.3743941573905856,0.4546943436957925,0.75,0.4103187649385927,0.5000940350616476,0.9215988650130562,0.9292485529007976,0.4805629143436202,0.955083735581771,0.9283407148462894,0.4826766260423117,0.520000587931106,0.0030181840772283
grad_ascent,17,forget01,10,phi,0.4206666666666667,0.3641214694683635,0.4431961243505787,0.7656695156695156,0.4057150397969738,0.4945799131549449,0.8765434810114764,0.9077024462573976,0.4868529335493074,0.5513304719093669,0.5696984905457005,0.5007235429146863,0.5151943087009834,0.0067607323035692
grad_ascent,16,forget01,10,phi,0.4473333333333333,0.367333673336978,0.4463177206720752,0.7585470085470085,0.4081975896577696,0.4971066364573438,0.9130616264923894,0.9228312616478302,0.4846969464195043,0.6836007289574382,0.770776391999915,0.4881746530552382,0.5226458418747915,0.0030181840772283
grad_ascent,14,forget01,10,phi,0.3973333333333333,0.3721253215338789,0.4511973915473236,0.7286324786324786,0.4107593895514154,0.5018922883077644,0.9221515253463276,0.9302421326354464,0.4851128464354019,0.8817802310009789,0.9078872256906918,0.4758952951320703,0.5160383500572593,0.0030181840772283
grad_ascent,15,forget01,10,phi,0.4473333333333333,0.367333673336978,0.4463177206720752,0.7585470085470085,0.4081975896577696,0.4971066364573438,0.9130616264923894,0.9228312616478302,0.4846969464195043,0.6836007289574382,0.770776391999915,0.4881746530552382,0.5226458418747915,0.0030181840772283
grad_ascent,10,forget01,10,phi,0.3873333333333333,0.3739980798528777,0.4540155602818996,0.7414529914529915,0.4115548419057418,0.5014237607880195,0.9213480067903188,0.9312687127930456,0.484390468084005,0.9544952733048004,0.9327600889894516,0.4750028953358932,0.5156237353138797,0.0030181840772283
grad_ascent,12,forget01,10,phi,0.3873333333333333,0.3739980798528777,0.4540155602818996,0.7414529914529915,0.4115548419057418,0.5014237607880195,0.9213480067903188,0.9312687127930456,0.484390468084005,0.9544952733048004,0.9327600889894516,0.4750028953358932,0.5156237353138797,0.0030181840772283
grad_diff,17,forget01,10,phi,0.4256666666666667,0.3695820754855763,0.4479853299050355,0.7431623931623932,0.4033586055398976,0.4903059547281299,0.881775821424372,0.9161634646860912,0.4915480346325089,0.6133184694131032,0.6319270869327877,0.492642950374026,0.5168988371774649,0.0067607323035692
grad_diff,15,forget01,10,phi,0.3973333333333333,0.3734923656151111,0.4532249230369282,0.7457264957264957,0.4110903068118748,0.4979191274377051,0.9265056425706968,0.9311412948173344,0.4855634051670601,0.8853237515793995,0.91623130641284,0.4754083992674832,0.5173827432272013,0.0030181840772283
grad_diff,10,forget01,10,phi,0.3873333333333333,0.3739980798528777,0.4540155602818996,0.7414529914529915,0.4115548419057418,0.5014237607880195,0.9213480067903188,0.9312687127930456,0.484390468084005,0.9544952733048004,0.9327600889894516,0.4750028953358932,0.5156237353138797,0.0030181840772283
grad_diff,12,forget01,10,phi,0.3873333333333333,0.3739980798528777,0.4540155602818996,0.7414529914529915,0.4115548419057418,0.5014237607880195,0.9213480067903188,0.9312687127930456,0.484390468084005,0.9544952733048004,0.9327600889894516,0.4750028953358932,0.5156237353138797,0.0030181840772283
grad_diff,5,forget01,10,phi,0.3873333333333333,0.3739980798528777,0.4540155602818996,0.7414529914529915,0.4115548419057418,0.5014237607880195,0.9213480067903188,0.9312687127930456,0.484390468084005,0.9544952733048004,0.9327600889894516,0.4750028953358932,0.5156237353138797,0.0030181840772283
grad_diff,7,forget01,10,phi,0.3873333333333333,0.3739980798528777,0.4540155602818996,0.7414529914529915,0.4115548419057418,0.5014237607880195,0.9213480067903188,0.9312687127930456,0.484390468084005,0.9544952733048004,0.9327600889894516,0.4750028953358932,0.5156237353138797,0.0030181840772283
grad_diff,2,forget01,10,phi,0.3873333333333333,0.3739980798528777,0.4540155602818996,0.7414529914529915,0.4115548419057418,0.5014237607880195,0.9213480067903188,0.9312687127930456,0.484390468084005,0.9544952733048004,0.9327600889894516,0.4750028953358932,0.5156237353138797,0.0030181840772283
idk,12,forget05,5,phi,0.3873333333333333,0.3739980798528777,0.4540155602818996,0.7414529914529915,0.4115548419057418,0.5014237607880195,0.9213480067903188,0.9312687127930456,0.484390468084005,0.9324412299112882,0.9316437738737936,0.4720095226626791,0.5156237353138797,2.962348735693602e-13
idk,60,forget05,5,phi,0.2756666666666667,0.3557392408013752,0.4199202449978637,0.7905982905982906,0.4090046500506393,0.4918439063969048,0.7695558240341253,0.8869779203252737,0.4725225264219526,0.2183545238886559,0.7852075726998672,0.4941832948904106,0.4710515776227705,1.3850840057169374e-11
idk,48,forget05,5,phi,0.3156666666666667,0.3590140397005933,0.4237788224730362,0.7834757834757834,0.4132900156042607,0.5000881046842487,0.7363400158843989,0.8709521475081978,0.4659623441404365,0.2527407182148449,0.7851538330886624,0.4989965739183997,0.4822898003125883,1.3850840057169374e-11
KL,12,forget05,5,phi,0.3873333333333333,0.3739980798528777,0.4540155602818996,0.7414529914529915,0.4115548419057418,0.5014237607880195,0.9213480067903188,0.9312687127930456,0.484390468084005,0.9324412299112882,0.9316437738737936,0.4720095226626791,0.5156237353138797,2.962348735693602e-13
KL,60,forget05,5,phi,0.0,0.2800186163871307,0.3700145416539231,0.0017094017094017,0.2618343851931313,0.3137462693821528,0.0062581470499959,3.751494695843273e-23,0.1447974771609776,0.0047427075343216,1.6576234765919016e-23,0.7542841638918025,0.0,1.427569962153298e-12
KL,48,forget05,5,phi,0.002,0.2587217193076832,0.3597508169576393,0.0309116809116809,0.2394905417823941,0.2679136531324442,0.139088535582809,1.2828956868590736e-07,0.2598701938738629,0.1388336099153792,4.312786595322929e-08,0.6344146405330714,1.1545234796937402e-06,1.3921047931216453e-06
dpo,450,forget05,5,phi,0.4589999999999999,0.3683472615354383,0.44318630351451,0.7863247863247863,0.4100905820200792,0.5000603669535153,0.911220022341117,0.9016368258084652,0.451526931892515,0.9056358643585406,0.8969140852853553,0.5097546192405347,0.5208007656492913,2.412549897735469e-08
dpo,180,forget05,5,phi,0.449,0.3698808628352197,0.4467618912125217,0.7777777777777778,0.4114544994192244,0.5010687535982064,0.9209034835222776,0.9131539923087748,0.4615078924309288,0.9173756074813046,0.910659862502701,0.49831650699426,0.5223832473945431,9.594235055800515e-10
dpo,90,forget05,5,phi,0.4173333333333333,0.3725352179645123,0.4520475744816791,0.7628205128205128,0.4120221607114336,0.499909398136324,0.9221267956614202,0.9266653593408148,0.4755778928975078,0.9299361068106538,0.926321712181775,0.4823297602821756,0.5203134366789746,6.568964585936946e-12
grad_ascent,60,forget05,5,phi,0.0,0.2785370911918778,0.3690751965448651,0.0,0.2658283248246303,0.3234439158587575,0.0068310313868473,2.066258374577508e-25,0.1371492687393217,0.0047680814303852,9.147896165753852e-26,0.7568003788243413,0.0,5.86730162802883e-14
grad_ascent,48,forget05,5,phi,0.0,0.2496412907570119,0.3630063877549968,0.018091168091168,0.2510032946043932,0.2797503889085252,0.0385284439830023,1.8914798108778495e-09,0.2424539063865813,0.0430546210986803,6.55023254424977e-10,0.6672748691607847,0.0,4.869254633582969e-10
grad_diff,60,forget05,5,phi,0.107,0.3788324457149157,0.4743156393782733,0.4198005698005698,0.4045648929172502,0.5120902801116515,0.2603218216933206,0.1725261670427534,0.460439772418715,0.1701073866251133,0.0014705976322086,0.5136273154554356,0.275146073676808,0.0030098470801667
grad_diff,48,forget05,5,phi,0.1953333333333333,0.3731629332209353,0.4464434797735624,0.5693732193732194,0.395566897601152,0.4838960010456401,0.43430674050145,0.440258840728214,0.4487393531619598,0.3048340743731584,0.0406543011866808,0.6034469332401354,0.3880574144465596,0.2704743832803917
idk,125,forget10,5,phi,0.3006666666666667,0.3606047411014373,0.4196527641225678,0.7877492877492877,0.4050174356712589,0.4853530655673339,0.8624016690353348,0.9221210805432964,0.4816734127484945,0.1860979346368808,0.8143460849353253,0.4886809877904323,0.4838472126401912,4.499933086722873e-16
idk,75,forget10,5,phi,0.2406666666666667,0.3489347496330955,0.4000698875043544,0.762108262108262,0.4019796237343093,0.4791241962735034,0.7604632321065009,0.8975163145108573,0.4746815136884476,0.2253904896855066,0.8187057831731349,0.4950797063184476,0.4512775190679193,9.158954716915743e-16
idk,50,forget10,5,phi,0.2223333333333333,0.3529538817932915,0.4099295909072083,0.7492877492877492,0.408476293161418,0.4950108307108453,0.6724185579129293,0.8659598054604044,0.4640126171746361,0.2966794917787375,0.8150649812718654,0.5061338441871936,0.4418180245839513,1.4582054786325707e-14
KL,125,forget10,5,phi,0.0,0.2606644670899852,0.478196256168148,0.0071225071225071,0.3037495372479544,0.4338601801778788,0.016589256893634,1.0564577852532185e-45,0.1860043749262365,0.004165393675042,4.997289509895262e-50,0.5506363914148334,0.0,5.333457122241683e-19
KL,75,forget10,5,phi,0.0,0.2560871606304942,0.4638191003702862,0.0,0.2777845291786867,0.4137268569500316,0.0060265706699555,3.6906820966468696e-44,0.1810016645505893,0.0042803362037776,2.555094045158062e-45,0.5875802336823388,0.0,2.4311282147882553e-17
KL,50,forget10,5,phi,0.0103333333333333,0.284189867129492,0.3910770389784659,0.1562678062678063,0.2645257353313341,0.2927911505963331,0.2171541676945667,3.038402481041602e-05,0.2996338136128103,0.2048765258702695,2.128177894736059e-05,0.6664691295269034,0.0002724266163745,0.0006538374533623
dpo,718,forget10,5,phi,0.414,0.3526655300046283,0.413349767899377,0.7752136752136751,0.4010369171379348,0.4858723064981842,0.8205384501558871,0.8212094338624147,0.399706140659333,0.8035874777276497,0.8111331315745167,0.5769669288303628,0.487799896283851,5.439158189288132e-08
dpo,179,forget10,5,phi,0.4373333333333333,0.3687780739754469,0.443535848545596,0.782051282051282,0.4108721017524915,0.4994914744454269,0.9101524696481866,0.9040313390637518,0.4517040168616916,0.9052538702787072,0.9027263528101052,0.5186594595806241,0.5176538052958265,2.0608068972918466e-13
dpo,359,forget10,5,phi,0.424,0.3583781643426217,0.4248117482013018,0.7880341880341879,0.4056815706640731,0.4924379323793373,0.8568006638324199,0.8526060313986525,0.4172077581161693,0.8493072573340275,0.8465941809069332,0.557356607392284,0.4998778527924284,1.4942294797261551e-09
grad_ascent,125,forget10,5,phi,0.0,0.221699906289453,0.3628640418680819,0.0,0.2540136511645889,0.3166503302644871,0.0059255605689454,7.594170767493393e-51,0.1934324392018453,0.004165393675042,1.0420613858719816e-51,0.5450565214109162,0.0,5.100356615560927e-17
grad_ascent,75,forget10,5,phi,0.0,0.254580760767187,0.4673258892493642,0.0,0.2739261772865818,0.4016242333490508,0.0060265706699555,9.262789141785225e-45,0.1794498470373481,0.004165393675042,7.56089518452779e-46,0.5837789473730215,0.0,2.1942743021891234e-16
grad_ascent,50,forget10,5,phi,0.002,0.2526791820893188,0.3658990930016603,0.0764957264957264,0.2343875599885514,0.2525764583358573,0.1858003854372814,1.1631271526447182e-06,0.2683965489839335,0.1836869623957777,9.206201539750516e-07,0.6503869030868489,1.0461608882622776e-05,8.024952455325493e-05
grad_diff,125,forget10,5,phi,0.1161666666666666,0.3454700837364343,0.4222461181876233,0.3414529914529914,0.4030356394128999,0.4950516559170494,0.3919780408705053,0.3802492916289503,0.3864451039791949,0.0415653365915347,4.662653298563436e-05,0.5695198082762795,0.3096002506439421,5.734627909208728e-07
grad_diff,75,forget10,5,phi,0.0628333333333333,0.3635278290131649,0.4748080158014344,0.4014245014245014,0.4240109638302925,0.5177956639701871,0.3302590199730205,0.2993849623163871,0.4619978528642479,0.1962843348909083,0.0001648682044534,0.6512689855552872,0.2494076821493374,1.637427779836901e-10
grad_diff,50,forget10,5,phi,0.237,0.3953602891123528,0.4724858347485897,0.6434472934472935,0.4266301717321755,0.5186392379523198,0.4300196415683275,0.3691715745786192,0.4305813487975558,0.3659551435015117,0.1195205053711261,0.566863404169947,0.4081984480910322,7.686752727943917e-06
idk,10,forget01,5,phi,0.3873333333333333,0.3739980798528777,0.4540155602818996,0.7414529914529915,0.4115548419057418,0.5014237607880195,0.9213480067903188,0.9312687127930456,0.484390468084005,0.9544952733048004,0.9327600889894516,0.4750028953358932,0.5156237353138797,0.0030181840772283
idk,12,forget01,5,phi,0.3873333333333333,0.3739980798528777,0.4540155602818996,0.7414529914529915,0.4115548419057418,0.5014237607880195,0.9213480067903188,0.9312687127930456,0.484390468084005,0.9544952733048004,0.9327600889894516,0.4750028953358932,0.5156237353138797,0.0030181840772283
idk,6,forget01,5,phi,0.3873333333333333,0.3739980798528777,0.4540155602818996,0.7414529914529915,0.4115548419057418,0.5014237607880195,0.9213480067903188,0.9312687127930456,0.484390468084005,0.9544952733048004,0.9327600889894516,0.4750028953358932,0.5156237353138797,0.0030181840772283
KL,10,forget01,5,phi,0.3873333333333333,0.3739980798528777,0.4540155602818996,0.7414529914529915,0.4115548419057418,0.5014237607880195,0.9213480067903188,0.9312687127930456,0.484390468084005,0.9544952733048004,0.9327600889894516,0.4750028953358932,0.5156237353138797,0.0030181840772283
KL,12,forget01,5,phi,0.3873333333333333,0.3739980798528777,0.4540155602818996,0.7414529914529915,0.4115548419057418,0.5014237607880195,0.9213480067903188,0.9312687127930456,0.484390468084005,0.9544952733048004,0.9327600889894516,0.4750028953358932,0.5156237353138797,0.0030181840772283
KL,6,forget01,5,phi,0.3873333333333333,0.3739980798528777,0.4540155602818996,0.7414529914529915,0.4115548419057418,0.5014237607880195,0.9213480067903188,0.9312687127930456,0.484390468084005,0.9544952733048004,0.9327600889894516,0.4750028953358932,0.5156237353138797,0.0030181840772283
dpo,72,forget01,5,phi,0.4073333333333333,0.3739369406877592,0.4532667140892172,0.7414529914529915,0.4106811607636844,0.4988094504266483,0.924977361226278,0.9305854952411756,0.4828455468535392,0.9492532647727762,0.9317156204599056,0.4779781862902196,0.5187123375735256,0.0030181840772283
dpo,54,forget01,5,phi,0.4073333333333333,0.3736802643582793,0.4535877156377785,0.7443019943019943,0.4108298136963718,0.4995971599537053,0.924399438597989,0.9306871748293136,0.4835746645152396,0.9498490005587292,0.9317402919366612,0.4767362129782122,0.519056159793625,0.0030181840772283
dpo,90,forget01,5,phi,0.3973333333333333,0.3737937698622812,0.4536686376139722,0.7613960113960113,0.4111330534749583,0.5002386246426527,0.9251192034786142,0.9306019861596928,0.4828789571090341,0.949328167225396,0.9316206806370346,0.4780567559668138,0.5182106282850515,0.0030181840772283
grad_ascent,10,forget01,5,phi,0.3873333333333333,0.3739980798528777,0.4540155602818996,0.7414529914529915,0.4115548419057418,0.5014237607880195,0.9213480067903188,0.9312687127930456,0.484390468084005,0.9544952733048004,0.9327600889894516,0.4750028953358932,0.5156237353138797,0.0030181840772283
grad_ascent,12,forget01,5,phi,0.3873333333333333,0.3739980798528777,0.4540155602818996,0.7414529914529915,0.4115548419057418,0.5014237607880195,0.9213480067903188,0.9312687127930456,0.484390468084005,0.9544952733048004,0.9327600889894516,0.4750028953358932,0.5156237353138797,0.0030181840772283
grad_ascent,6,forget01,5,phi,0.3873333333333333,0.3739980798528777,0.4540155602818996,0.7414529914529915,0.4115548419057418,0.5014237607880195,0.9213480067903188,0.9312687127930456,0.484390468084005,0.9544952733048004,0.9327600889894516,0.4750028953358932,0.5156237353138797,0.0030181840772283
grad_diff,10,forget01,5,phi,0.3873333333333333,0.3739980798528777,0.4540155602818996,0.7414529914529915,0.4115548419057418,0.5014237607880195,0.9213480067903188,0.9312687127930456,0.484390468084005,0.9544952733048004,0.9327600889894516,0.4750028953358932,0.5156237353138797,0.0030181840772283
grad_diff,12,forget01,5,phi,0.3873333333333333,0.3739980798528777,0.4540155602818996,0.7414529914529915,0.4115548419057418,0.5014237607880195,0.9213480067903188,0.9312687127930456,0.484390468084005,0.9544952733048004,0.9327600889894516,0.4750028953358932,0.5156237353138797,0.0030181840772283
grad_diff,6,forget01,5,phi,0.3873333333333333,0.3739980798528777,0.4540155602818996,0.7414529914529915,0.4115548419057418,0.5014237607880195,0.9213480067903188,0.9312687127930456,0.484390468084005,0.9544952733048004,0.9327600889894516,0.4750028953358932,0.5156237353138797,0.0030181840772283
